datetime,price_short,price_long,charge_power_mw,discharge_power_mw,net_power_mw,imbalance_mwh,soc_mwh,revenue,cumulative_revenue
2025-05-04 22:00:00.000 Z,36.76,36.76,0.0,0.0,0.0,0.0,0.0,0.0,0.0
2025-05-04 22:15:00.000 Z,28.58,28.58,0.0,0.0,0.0,0.0,0.0,0.0,0.0
2025-05-04 22:30:00.000 Z,28.58,28.58,0.0,0.0,0.0,0.0,0.0,0.0,0.0
2025-05-04 22:45:00.000 Z,34.68,34.68,0.0,0.0,0.0,0.0,0.0,0.0,0.0
2025-05-04 23:00:00.000 Z,34.58,34.58,0.0,0.0,0.0,0.0,0.0,0.0,0.0
2025-05-04 23:15:00.000 Z,50.08,50.08,0.0,0.0,0.0,0.0,0.0,0.0,0.0
2025-05-04 23:30:00.000 Z,66.0,66.0,0.0,0.0,0.0,0.0,0.0,0.0,0.0
2025-05-04 23:45:00.000 Z,72.98,72.98,0.0,0.0,0.0,0.0,0.0,0.0,0.0
2025-05-05 00:00:00.000 Z,84.0,65.5,0.0,0.0,0.0,0.0,0.0,0.0,0.0
2025-05-05 00:15:00.000 Z,84.0,84.0,0.0,0.0,0.0,0.0,0.0,0.0,0.0
2025-05-05 00:30:00.000 Z,78.56,78.56,0.0,0.0,0.0,0.0,0.0,0.0,0.0
2025-05-05 00:45:00.000 Z,78.56,78.56,0.0,0.0,0.0,0.0,0.0,0.0,0.0
2025-05-05 01:00:00.000 Z,84.0,84.0,0.0,0.0,0.0,0.0,0.0,0.0,0.0
2025-05-05 01:15:00.000 Z,71.0,71.0,0.0,0.0,0.0,0.0,0.0,0.0,0.0
2025-05-05 01:30:00.000 Z,72.98,72.98,0.0,0.0,0.0,0.0,0.0,0.0,0.0
2025-05-05 01:45:00.000 Z,60.21,60.21,0.0,0.0,0.0,0.0,0.0,0.0,0.0
2025-05-05 02:00:00.000 Z,69.88,69.88,0.0,0.0,0.0,0.0,0.0,0.0,0.0
2025-05-05 02:15:00.000 Z,66.75,66.75,0.0,0.0,0.0,0.0,0.0,0.0,0.0
2025-05-05 02:30:00.000 Z,56.04,56.04,0.0,0.0,0.0,0.0,0.0,0.0,0.0
2025-05-05 02:45:00.000 Z,64.1,64.1,0.0,0.0,0.0,0.0,0.0,0.0,0.0
2025-05-05 03:00:00.000 Z,78.56,57.08,0.0,0.0,0.0,0.0,0.0,0.0,0.0
2025-05-05 03:15:00.000 Z,85.9,85.9,0.0,0.0,0.0,0.0,0.0,0.0,0.0
2025-05-05 03:30:00.000 Z,90.98,90.98,0.0,0.0,0.0,0.0,0.0,0.0,0.0
2025-05-05 03:45:00.000 Z,112.98,112.98,0.0,0.0,0.0,0.0,0.0,0.0,0.0
2025-05-05 04:00:00.000 Z,150.34,150.34,0.0,0.0,0.0,0.0,0.0,0.0,0.0
2025-05-05 04:15:00.000 Z,150.6,150.6,0.0,0.0,0.0,0.0,0.0,0.0,0.0
2025-05-05 04:30:00.000 Z,86.56,86.56,0.0,0.0,0.0,0.0,0.0,0.0,0.0
2025-05-05 04:45:00.000 Z,84.23,84.23,0.0,0.0,0.0,0.0,0.0,0.0,0.0
2025-05-05 05:00:00.000 Z,69.98,69.98,0.0,0.0,0.0,0.0,0.0,0.0,0.0
2025-05-05 05:15:00.000 Z,68.98,68.98,0.0,0.0,0.0,0.0,0.0,0.0,0.0
2025-05-05 05:30:00.000 Z,65.9,65.9,0.0,0.0,0.0,0.0,0.0,0.0,0.0
2025-05-05 05:45:00.000 Z,14.98,14.98,0.0,0.0,0.0,0.0,0.0,0.0,0.0
2025-05-05 06:00:00.000 Z,10.0,10.0,0.0,0.0,0.0,0.0,0.0,0.0,0.0
2025-05-05 06:15:00.000 Z,3.98,3.98,0.0,0.0,0.0,0.0,0.0,0.0,0.0
2025-05-05 06:30:00.000 Z,-34.0,-34.0,0.0,0.0,0.0,0.0,0.0,0.0,0.0
2025-05-05 06:45:00.000 Z,-50.0,-50.0,0.0,0.0,0.0,0.0,0.0,0.0,0.0
2025-05-05 07:00:00.000 Z,-70.0,-70.0,1.0,0.0,-1.0,-0.25,0.0,17.5,17.5
2025-05-05 07:15:00.000 Z,-60.0,-60.0,1.0,0.0,-1.0,-0.25,0.225,15.0,32.5
2025-05-05 07:30:00.000 Z,-40.0,-40.0,0.0,0.0,0.0,0.0,0.45,0.0,32.5
2025-05-05 07:45:00.000 Z,-18.5,-18.5,0.0,0.0,0.0,0.0,0.45,0.0,32.5
2025-05-05 08:00:00.000 Z,86.36,-16.35,0.0,0.0,0.0,0.0,0.45,-0.0,32.5
2025-05-05 08:15:00.000 Z,10.0,10.0,0.0,0.0,0.0,0.0,0.45,0.0,32.5
2025-05-05 08:30:00.000 Z,16.98,16.98,0.0,0.0,0.0,0.0,0.45,0.0,32.5
2025-05-05 08:45:00.000 Z,10.0,10.0,0.0,0.0,0.0,0.0,0.45,0.0,32.5
2025-05-05 09:00:00.000 Z,-20.13,-20.13,0.0,0.0,0.0,0.0,0.45,0.0,32.5
2025-05-05 09:15:00.000 Z,-30.0,-30.0,0.0,0.0,0.0,0.0,0.45,0.0,32.5
2025-05-05 09:30:00.000 Z,8.98,8.98,0.0,0.0,0.0,0.0,0.45,0.0,32.5
2025-05-05 09:45:00.000 Z,-29.7,-29.7,0.0,0.0,0.0,0.0,0.45,0.0,32.5
2025-05-05 10:00:00.000 Z,-29.26,-29.26,0.0,0.0,0.0,0.0,0.45,0.0,32.5
2025-05-05 10:15:00.000 Z,64.98,64.98,0.0,0.0,0.0,0.0,0.45,0.0,32.5
2025-05-05 10:30:00.000 Z,22.98,22.98,0.0,0.0,0.0,0.0,0.45,0.0,32.5
2025-05-05 10:45:00.000 Z,11.0,11.0,0.0,0.0,0.0,0.0,0.45,0.0,32.5
2025-05-05 11:00:00.000 Z,42.29,16.98,0.0,0.0,0.0,0.0,0.45,0.0,32.5
2025-05-05 11:15:00.000 Z,81.77,42.29,0.0,0.0,0.0,0.0,0.45,0.0,32.5
2025-05-05 11:30:00.000 Z,78.56,42.29,0.0,0.0,0.0,0.0,0.45,0.0,32.5
2025-05-05 11:45:00.000 Z,-21.57,-21.57,0.0,0.0,0.0,0.0,0.45,0.0,32.5
2025-05-05 12:00:00.000 Z,-50.0,-50.0,0.888888888888888,0.0,-0.888888888888888,-0.222222222222222,0.45,11.1111111111111,43.6111111111111
2025-05-05 12:15:00.000 Z,-100.0,-100.0,1.0,0.0,-1.0,-0.25,0.6499999999999998,25.0,68.6111111111111
2025-05-05 12:30:00.000 Z,-60.0,-60.0,1.0,0.0,-1.0,-0.25,0.8749999999999998,15.0,83.6111111111111
2025-05-05 12:45:00.000 Z,-69.0,-69.0,1.0,0.0,-1.0,-0.25,1.0999999999999996,17.25,100.8611111111111
2025-05-05 13:00:00.000 Z,58.56,58.56,0.0,0.0,0.0,0.0,1.3249999999999997,0.0,100.8611111111111
2025-05-05 13:15:00.000 Z,58.6,-59.6,0.0,0.0,0.0,0.0,1.3249999999999997,-0.0,100.8611111111111
2025-05-05 13:30:00.000 Z,-20.0,-20.0,0.0,0.0,0.0,0.0,1.3249999999999997,0.0,100.8611111111111
2025-05-05 13:45:00.000 Z,-14.14,-14.14,0.0,0.0,0.0,0.0,1.3249999999999997,0.0,100.8611111111111
2025-05-05 14:00:00.000 Z,-50.0,-50.0,1.0,0.0,-1.0,-0.25,1.3249999999999997,12.5,113.3611111111111
2025-05-05 14:15:00.000 Z,-70.0,-70.0,1.0,0.0,-1.0,-0.25,1.5499999999999998,17.5,130.8611111111111
2025-05-05 14:30:00.000 Z,22.98,22.98,0.0,0.0,0.0,0.0,1.775,0.0,130.8611111111111
2025-05-05 14:45:00.000 Z,-15.01,-15.01,0.0,0.0,0.0,0.0,1.775,0.0,130.8611111111111
2025-05-05 15:00:00.000 Z,-11.4,-11.4,0.0,0.0,0.0,0.0,1.775,0.0,130.8611111111111
2025-05-05 15:15:00.000 Z,40.79,0.0,0.0,0.0,0.0,0.0,1.775,0.0,130.8611111111111
2025-05-05 15:30:00.000 Z,68.56,-11.4,0.0,0.0,0.0,0.0,1.775,-0.0,130.8611111111111
2025-05-05 15:45:00.000 Z,-11.09,-11.09,0.0,0.0,0.0,0.0,1.775,0.0,130.8611111111111
2025-05-05 16:00:00.000 Z,68.56,40.79,0.0,0.0,0.0,0.0,1.775,0.0,130.8611111111111
2025-05-05 16:15:00.000 Z,40.79,36.98,0.0,0.0,0.0,0.0,1.775,0.0,130.8611111111111
2025-05-05 16:30:00.000 Z,84.0,40.79,0.0,0.0,0.0,0.0,1.775,0.0,130.8611111111111
2025-05-05 16:45:00.000 Z,78.56,78.56,0.0,0.0,0.0,0.0,1.775,0.0,130.8611111111111
2025-05-05 17:00:00.000 Z,-30.0,-30.0,0.0,0.0,0.0,0.0,1.775,0.0,130.8611111111111
2025-05-05 17:15:00.000 Z,46.5,46.5,0.0,0.0,0.0,0.0,1.775,0.0,130.8611111111111
2025-05-05 17:30:00.000 Z,114.98,114.98,0.0,0.0,0.0,0.0,1.775,0.0,130.8611111111111
2025-05-05 17:45:00.000 Z,125.98,125.98,0.0,0.0,0.0,0.0,1.775,0.0,130.8611111111111
2025-05-05 18:00:00.000 Z,66.0,51.58,0.0,0.0,0.0,0.0,1.775,0.0,130.8611111111111
2025-05-05 18:15:00.000 Z,78.56,66.0,0.0,0.0,0.0,0.0,1.775,0.0,130.8611111111111
2025-05-05 18:30:00.000 Z,78.56,78.56,0.0,0.0,0.0,0.0,1.775,0.0,130.8611111111111
2025-05-05 18:45:00.000 Z,88.0,88.0,0.0,0.0,0.0,0.0,1.775,0.0,130.8611111111111
2025-05-05 19:00:00.000 Z,73.08,73.08,0.0,0.0,0.0,0.0,1.775,0.0,130.8611111111111
2025-05-05 19:15:00.000 Z,78.56,66.0,0.0,0.0,0.0,0.0,1.775,0.0,130.8611111111111
2025-05-05 19:30:00.000 Z,84.0,84.0,0.0,0.0,0.0,0.0,1.775,0.0,130.8611111111111
2025-05-05 19:45:00.000 Z,66.45,66.45,0.0,0.0,0.0,0.0,1.775,0.0,130.8611111111111
2025-05-05 20:00:00.000 Z,70.1,70.1,0.0,0.0,0.0,0.0,1.775,0.0,130.8611111111111
2025-05-05 20:15:00.000 Z,78.56,66.0,0.0,0.0,0.0,0.0,1.775,0.0,130.8611111111111
2025-05-05 20:30:00.000 Z,84.0,84.0,0.0,0.0,0.0,0.0,1.775,0.0,130.8611111111111
2025-05-05 20:45:00.000 Z,111.61,111.61,0.0,0.0,0.0,0.0,1.775,0.0,130.8611111111111
2025-05-05 21:00:00.000 Z,100.0,100.0,0.0,0.0,0.0,0.0,1.775,0.0,130.8611111111111
2025-05-05 21:15:00.000 Z,78.56,66.0,0.0,0.0,0.0,0.0,1.775,0.0,130.8611111111111
2025-05-05 21:30:00.000 Z,64.0,64.0,0.0,0.0,0.0,0.0,1.775,0.0,130.8611111111111
2025-05-05 21:45:00.000 Z,84.0,64.0,0.0,0.0,0.0,0.0,1.775,0.0,130.8611111111111
2025-05-05 22:00:00.000 Z,85.0,85.0,0.0,0.0,0.0,0.0,1.775,0.0,130.8611111111111
2025-05-05 22:15:00.000 Z,51.48,51.48,0.0,0.0,0.0,0.0,1.775,0.0,130.8611111111111
2025-05-05 22:30:00.000 Z,64.49,51.58,0.0,0.0,0.0,0.0,1.775,0.0,130.8611111111111
2025-05-05 22:45:00.000 Z,78.56,78.56,0.0,0.0,0.0,0.0,1.775,0.0,130.8611111111111
2025-05-05 23:00:00.000 Z,86.3,64.49,0.0,0.0,0.0,0.0,1.775,0.0,130.8611111111111
2025-05-05 23:15:00.000 Z,88.56,88.56,0.0,0.0,0.0,0.0,1.775,0.0,130.8611111111111
2025-05-05 23:30:00.000 Z,97.23,97.23,0.0,0.0,0.0,0.0,1.775,0.0,130.8611111111111
2025-05-05 23:45:00.000 Z,93.58,93.58,0.0,0.0,0.0,0.0,1.775,0.0,130.8611111111111
2025-05-06 00:00:00.000 Z,71.77,71.77,0.0,0.0,0.0,0.0,1.775,0.0,130.8611111111111
2025-05-06 00:15:00.000 Z,71.77,71.77,0.0,0.0,0.0,0.0,1.775,0.0,130.8611111111111
2025-05-06 00:30:00.000 Z,84.0,84.0,0.0,0.0,0.0,0.0,1.775,0.0,130.8611111111111
2025-05-06 00:45:00.000 Z,106.0,106.0,0.0,0.0,0.0,0.0,1.775,0.0,130.8611111111111
2025-05-06 01:00:00.000 Z,95.0,95.0,0.0,0.0,0.0,0.0,1.775,0.0,130.8611111111111
2025-05-06 01:15:00.000 Z,84.98,84.98,0.0,0.0,0.0,0.0,1.775,0.0,130.8611111111111
2025-05-06 01:30:00.000 Z,58.0,58.0,0.0,0.0,0.0,0.0,1.775,0.0,130.8611111111111
2025-05-06 01:45:00.000 Z,56.98,56.98,0.0,0.0,0.0,0.0,1.775,0.0,130.8611111111111
2025-05-06 02:00:00.000 Z,56.98,56.98,0.0,0.0,0.0,0.0,1.775,0.0,130.8611111111111
2025-05-06 02:15:00.000 Z,70.1,70.1,0.0,0.0,0.0,0.0,1.775,0.0,130.8611111111111
2025-05-06 02:30:00.000 Z,62.18,62.18,0.0,0.0,0.0,0.0,1.775,0.0,130.8611111111111
2025-05-06 02:45:00.000 Z,95.0,95.0,0.0,0.0,0.0,0.0,1.775,0.0,130.8611111111111
2025-05-06 03:00:00.000 Z,111.0,111.0,0.0,0.0,0.0,0.0,1.775,0.0,130.8611111111111
2025-05-06 03:15:00.000 Z,128.5,128.5,0.0,0.0,0.0,0.0,1.775,0.0,130.8611111111111
2025-05-06 03:30:00.000 Z,121.0,121.0,0.0,0.0,0.0,0.0,1.775,0.0,130.8611111111111
2025-05-06 03:45:00.000 Z,97.98,97.98,0.0,0.0,0.0,0.0,1.775,0.0,130.8611111111111
2025-05-06 04:00:00.000 Z,95.0,44.0,0.0,0.0,0.0,0.0,1.775,0.0,130.8611111111111
2025-05-06 04:15:00.000 Z,111.0,111.0,0.0,0.0,0.0,0.0,1.775,0.0,130.8611111111111
2025-05-06 04:30:00.000 Z,87.5,87.5,0.0,0.0,0.0,0.0,1.775,0.0,130.8611111111111
2025-05-06 04:45:00.000 Z,87.2,87.2,0.0,0.0,0.0,0.0,1.775,0.0,130.8611111111111
2025-05-06 05:00:00.000 Z,71.77,71.77,0.0,0.0,0.0,0.0,1.775,0.0,130.8611111111111
2025-05-06 05:15:00.000 Z,100.0,71.77,0.0,0.0,0.0,0.0,1.775,0.0,130.8611111111111
2025-05-06 05:30:00.000 Z,100.0,100.0,0.0,0.0,0.0,0.0,1.775,0.0,130.8611111111111
2025-05-06 05:45:00.000 Z,87.7,87.7,0.0,0.0,0.0,0.0,1.775,0.0,130.8611111111111
2025-05-06 06:00:00.000 Z,41.0,41.0,0.0,0.0,0.0,0.0,1.775,0.0,130.8611111111111
2025-05-06 06:15:00.000 Z,26.0,26.0,0.0,0.0,0.0,0.0,1.775,0.0,130.8611111111111
2025-05-06 06:30:00.000 Z,-30.0,-30.0,0.0,0.0,0.0,0.0,1.775,0.0,130.8611111111111
2025-05-06 06:45:00.000 Z,-31.0,-31.0,0.0,0.0,0.0,0.0,1.775,0.0,130.8611111111111
2025-05-06 07:00:00.000 Z,-533.02,-533.02,1.0,0.0,-1.0,-0.25,1.775,133.255,264.1161111111111
2025-05-06 07:15:00.000 Z,-37.0,-37.0,0.0,0.0,0.0,0.0,2.0,0.0,264.1161111111111
2025-05-06 07:30:00.000 Z,-30.0,-30.0,0.0,0.0,0.0,0.0,2.0,0.0,264.1161111111111
2025-05-06 07:45:00.000 Z,18.0,18.0,0.0,0.0,0.0,0.0,2.0,0.0,264.1161111111111
2025-05-06 08:00:00.000 Z,-29.9,-29.9,0.0,0.0,0.0,0.0,2.0,0.0,264.1161111111111
2025-05-06 08:15:00.000 Z,68.56,-30.0,0.0,0.0,0.0,0.0,2.0,-0.0,264.1161111111111
2025-05-06 08:30:00.000 Z,-30.0,-30.0,0.0,0.0,0.0,0.0,2.0,0.0,264.1161111111111
2025-05-06 08:45:00.000 Z,-26.45,-26.45,0.0,0.0,0.0,0.0,2.0,0.0,264.1161111111111
2025-05-06 09:00:00.000 Z,-14.14,-14.14,0.0,0.0,0.0,0.0,2.0,0.0,264.1161111111111
2025-05-06 09:15:00.000 Z,10.0,10.0,0.0,0.0,0.0,0.0,2.0,0.0,264.1161111111111
2025-05-06 09:30:00.000 Z,-30.0,-30.0,0.0,0.0,0.0,0.0,2.0,0.0,264.1161111111111
2025-05-06 09:45:00.000 Z,-26.0,-26.0,0.0,0.0,0.0,0.0,2.0,0.0,264.1161111111111
2025-05-06 10:00:00.000 Z,26.0,26.0,0.0,0.0,0.0,0.0,2.0,0.0,264.1161111111111
2025-05-06 10:15:00.000 Z,10.0,10.0,0.0,0.0,0.0,0.0,2.0,0.0,264.1161111111111
2025-05-06 10:30:00.000 Z,47.99,10.0,0.0,0.0,0.0,0.0,2.0,0.0,264.1161111111111
2025-05-06 10:45:00.000 Z,47.99,26.0,0.0,0.0,0.0,0.0,2.0,0.0,264.1161111111111
2025-05-06 11:00:00.000 Z,-14.14,-14.14,0.0,0.0,0.0,0.0,2.0,0.0,264.1161111111111
2025-05-06 11:15:00.000 Z,-29.8,-29.8,0.0,0.0,0.0,0.0,2.0,0.0,264.1161111111111
2025-05-06 11:30:00.000 Z,10.0,10.0,0.0,0.0,0.0,0.0,2.0,0.0,264.1161111111111
2025-05-06 11:45:00.000 Z,-28.0,-28.0,0.0,0.0,0.0,0.0,2.0,0.0,264.1161111111111
2025-05-06 12:00:00.000 Z,-31.0,-31.0,0.0,0.0,0.0,0.0,2.0,0.0,264.1161111111111
2025-05-06 12:15:00.000 Z,-45.3,-45.3,0.0,0.0,0.0,0.0,2.0,0.0,264.1161111111111
2025-05-06 12:30:00.000 Z,-31.0,-31.0,0.0,0.0,0.0,0.0,2.0,0.0,264.1161111111111
2025-05-06 12:45:00.000 Z,-31.0,-31.0,0.0,0.0,0.0,0.0,2.0,0.0,264.1161111111111
2025-05-06 13:00:00.000 Z,-23.0,-23.0,0.0,0.0,0.0,0.0,2.0,0.0,264.1161111111111
2025-05-06 13:15:00.000 Z,61.79,61.79,0.0,0.0,0.0,0.0,2.0,0.0,264.1161111111111
2025-05-06 13:30:00.000 Z,61.79,61.79,0.0,0.0,0.0,0.0,2.0,0.0,264.1161111111111
2025-05-06 13:45:00.000 Z,85.5,61.79,0.0,0.0,0.0,0.0,2.0,0.0,264.1161111111111
2025-05-06 14:00:00.000 Z,86.98,86.98,0.0,0.0,0.0,0.0,2.0,0.0,264.1161111111111
2025-05-06 14:15:00.000 Z,87.98,87.98,0.0,0.0,0.0,0.0,2.0,0.0,264.1161111111111
2025-05-06 14:30:00.000 Z,150.0,150.0,0.0,0.0,0.0,0.0,2.0,0.0,264.1161111111111
2025-05-06 14:45:00.000 Z,135.98,135.98,0.0,0.0,0.0,0.0,2.0,0.0,264.1161111111111
2025-05-06 15:00:00.000 Z,160.4,160.4,0.0,0.0,0.0,0.0,2.0,0.0,264.1161111111111
2025-05-06 15:15:00.000 Z,113.98,113.98,0.0,0.0,0.0,0.0,2.0,0.0,264.1161111111111
2025-05-06 15:30:00.000 Z,150.0,150.0,0.0,0.0,0.0,0.0,2.0,0.0,264.1161111111111
2025-05-06 15:45:00.000 Z,119.0,119.0,0.0,0.0,0.0,0.0,2.0,0.0,264.1161111111111
2025-05-06 16:00:00.000 Z,102.0,71.87,0.0,0.0,0.0,0.0,2.0,0.0,264.1161111111111
2025-05-06 16:15:00.000 Z,102.0,71.04,0.0,0.0,0.0,0.0,2.0,0.0,264.1161111111111
2025-05-06 16:30:00.000 Z,121.0,121.0,0.0,0.0,0.0,0.0,2.0,0.0,264.1161111111111
2025-05-06 16:45:00.000 Z,140.0,79.0,0.0,0.0,0.0,0.0,2.0,0.0,264.1161111111111
2025-05-06 17:00:00.000 Z,95.0,80.98,0.0,0.0,0.0,0.0,2.0,0.0,264.1161111111111
2025-05-06 17:15:00.000 Z,113.98,113.98,0.0,0.0,0.0,0.0,2.0,0.0,264.1161111111111
2025-05-06 17:30:00.000 Z,150.0,150.0,0.0,0.0,0.0,0.0,2.0,0.0,264.1161111111111
2025-05-06 17:45:00.000 Z,159.0,159.0,0.0,0.0,0.0,0.0,2.0,0.0,264.1161111111111
2025-05-06 18:00:00.000 Z,99.98,99.98,0.0,0.0,0.0,0.0,2.0,0.0,264.1161111111111
2025-05-06 18:15:00.000 Z,110.98,110.98,0.0,0.0,0.0,0.0,2.0,0.0,264.1161111111111
2025-05-06 18:30:00.000 Z,153.8,153.8,0.0,0.0,0.0,0.0,2.0,0.0,264.1161111111111
2025-05-06 18:45:00.000 Z,106.44,106.44,0.0,0.0,0.0,0.0,2.0,0.0,264.1161111111111
2025-05-06 19:00:00.000 Z,150.0,150.0,0.0,0.0,0.0,0.0,2.0,0.0,264.1161111111111
2025-05-06 19:15:00.000 Z,110.98,110.98,0.0,0.0,0.0,0.0,2.0,0.0,264.1161111111111
2025-05-06 19:30:00.000 Z,108.28,84.98,0.0,0.0,0.0,0.0,2.0,0.0,264.1161111111111
2025-05-06 19:45:00.000 Z,57.31,57.31,0.0,0.0,0.0,0.0,2.0,0.0,264.1161111111111
2025-05-06 20:00:00.000 Z,109.28,51.31,0.0,0.0,0.0,0.0,2.0,0.0,264.1161111111111
2025-05-06 20:15:00.000 Z,109.28,75.0,0.0,0.0,0.0,0.0,2.0,0.0,264.1161111111111
2025-05-06 20:30:00.000 Z,104.28,71.0,0.0,0.0,0.0,0.0,2.0,0.0,264.1161111111111
2025-05-06 20:45:00.000 Z,51.0,51.0,0.0,0.0,0.0,0.0,2.0,0.0,264.1161111111111
2025-05-06 21:00:00.000 Z,105.0,51.0,0.0,0.0,0.0,0.0,2.0,0.0,264.1161111111111
2025-05-06 21:15:00.000 Z,72.08,72.08,0.0,0.0,0.0,0.0,2.0,0.0,264.1161111111111
2025-05-06 21:30:00.000 Z,77.5,65.08,0.0,0.0,0.0,0.0,2.0,0.0,264.1161111111111
2025-05-06 21:45:00.000 Z,111.0,72.0,0.0,0.0,0.0,0.0,2.0,0.0,264.1161111111111
2025-05-06 22:00:00.000 Z,134.4,66.0,0.0,0.0,0.0,0.0,2.0,0.0,264.1161111111111
2025-05-06 22:15:00.000 Z,121.56,121.56,0.0,0.0,0.0,0.0,2.0,0.0,264.1161111111111
2025-05-06 22:30:00.000 Z,79.99,79.99,0.0,0.0,0.0,0.0,2.0,0.0,264.1161111111111
2025-05-06 22:45:00.000 Z,82.74,82.74,0.0,0.0,0.0,0.0,2.0,0.0,264.1161111111111
2025-05-06 23:00:00.000 Z,107.0,107.0,0.0,0.0,0.0,0.0,2.0,0.0,264.1161111111111
2025-05-06 23:15:00.000 Z,96.29,96.29,0.0,0.0,0.0,0.0,2.0,0.0,264.1161111111111
2025-05-06 23:30:00.000 Z,89.82,89.82,0.0,0.0,0.0,0.0,2.0,0.0,264.1161111111111
2025-05-06 23:45:00.000 Z,102.82,102.82,0.0,0.0,0.0,0.0,2.0,0.0,264.1161111111111
2025-05-07 00:00:00.000 Z,133.1,133.1,0.0,0.0,0.0,0.0,2.0,0.0,264.1161111111111
2025-05-07 00:15:00.000 Z,134.0,134.0,0.0,0.0,0.0,0.0,2.0,0.0,264.1161111111111
2025-05-07 00:30:00.000 Z,133.3,133.3,0.0,0.0,0.0,0.0,2.0,0.0,264.1161111111111
2025-05-07 00:45:00.000 Z,129.79,129.79,0.0,0.0,0.0,0.0,2.0,0.0,264.1161111111111
2025-05-07 01:00:00.000 Z,82.89,66.55,0.0,0.0,0.0,0.0,2.0,0.0,264.1161111111111
2025-05-07 01:15:00.000 Z,67.98,67.98,0.0,0.0,0.0,0.0,2.0,0.0,264.1161111111111
2025-05-07 01:30:00.000 Z,84.98,84.98,0.0,0.0,0.0,0.0,2.0,0.0,264.1161111111111
2025-05-07 01:45:00.000 Z,80.0,80.0,0.0,0.0,0.0,0.0,2.0,0.0,264.1161111111111
2025-05-07 02:00:00.000 Z,74.36,74.36,0.0,0.0,0.0,0.0,2.0,0.0,264.1161111111111
2025-05-07 02:15:00.000 Z,75.08,75.08,0.0,0.0,0.0,0.0,2.0,0.0,264.1161111111111
2025-05-07 02:30:00.000 Z,71.0,71.0,0.0,0.0,0.0,0.0,2.0,0.0,264.1161111111111
2025-05-07 02:45:00.000 Z,64.82,64.82,0.0,0.0,0.0,0.0,2.0,0.0,264.1161111111111
2025-05-07 03:00:00.000 Z,86.0,64.49,0.0,0.0,0.0,0.0,2.0,0.0,264.1161111111111
2025-05-07 03:15:00.000 Z,107.0,107.0,0.0,0.0,0.0,0.0,2.0,0.0,264.1161111111111
2025-05-07 03:30:00.000 Z,107.0,107.0,0.0,0.0,0.0,0.0,2.0,0.0,264.1161111111111
2025-05-07 03:45:00.000 Z,87.98,87.98,0.0,0.0,0.0,0.0,2.0,0.0,264.1161111111111
2025-05-07 04:00:00.000 Z,167.34,76.77,0.0,0.0,0.0,0.0,2.0,0.0,264.1161111111111
2025-05-07 04:15:00.000 Z,168.03,168.03,0.0,0.0,0.0,0.0,2.0,0.0,264.1161111111111
2025-05-07 04:30:00.000 Z,107.0,107.0,0.0,0.0,0.0,0.0,2.0,0.0,264.1161111111111
2025-05-07 04:45:00.000 Z,107.0,107.0,0.0,0.0,0.0,0.0,2.0,0.0,264.1161111111111
2025-05-07 05:00:00.000 Z,142.0,142.0,0.0,0.0,0.0,0.0,2.0,0.0,264.1161111111111
2025-05-07 05:15:00.000 Z,143.0,143.0,0.0,0.0,0.0,0.0,2.0,0.0,264.1161111111111
2025-05-07 05:30:00.000 Z,159.98,159.98,0.0,0.0,0.0,0.0,2.0,0.0,264.1161111111111
2025-05-07 05:45:00.000 Z,1895.0,1895.0,0.0,1.0,1.0,0.25,2.0,473.75,737.8661111111111
2025-05-07 06:00:00.000 Z,1895.0,1895.0,0.0,1.0,1.0,0.25,1.75,473.75,1211.616111111111
2025-05-07 06:15:00.000 Z,1895.0,1895.0,0.0,1.0,1.0,0.25,1.5,473.75,1685.366111111111
2025-05-07 06:30:00.000 Z,950.0,950.0,0.0,1.0,1.0,0.25,1.25,237.5,1922.866111111111
2025-05-07 06:45:00.000 Z,500.0,500.0,0.0,1.0,1.0,0.25,1.0,125.0,2047.866111111111
2025-05-07 07:00:00.000 Z,134.4,134.4,0.0,0.0,0.0,0.0,0.75,0.0,2047.866111111111
2025-05-07 07:15:00.000 Z,1895.0,1895.0,0.0,1.0,1.0,0.25,0.75,473.75,2521.616111111111
2025-05-07 07:30:00.000 Z,2940.0,2940.0,0.0,1.0,1.0,0.25,0.5,735.0,3256.616111111111
2025-05-07 07:45:00.000 Z,2939.0,2939.0,0.0,1.0,1.0,0.25,0.25,734.75,3991.366111111111
2025-05-07 08:00:00.000 Z,159.98,159.98,0.0,0.0,0.0,0.0,0.0,0.0,3991.366111111111
2025-05-07 08:15:00.000 Z,146.98,146.98,0.0,0.0,0.0,0.0,0.0,0.0,3991.366111111111
2025-05-07 08:30:00.000 Z,135.7,135.7,0.0,0.0,0.0,0.0,0.0,0.0,3991.366111111111
2025-05-07 08:45:00.000 Z,135.6,135.6,0.0,0.0,0.0,0.0,0.0,0.0,3991.366111111111
2025-05-07 09:00:00.000 Z,155.3,155.3,0.0,0.0,0.0,0.0,0.0,0.0,3991.366111111111
2025-05-07 09:15:00.000 Z,111.29,111.29,0.0,0.0,0.0,0.0,0.0,0.0,3991.366111111111
2025-05-07 09:30:00.000 Z,68.56,64.49,1.0,0.0,-1.0,-0.25,0.0,-17.14,3974.226111111111
2025-05-07 09:45:00.000 Z,86.0,66.0,0.11111111111111108,0.0,-0.11111111111111108,-0.02777777777777777,0.225,-2.388888888888888,3971.8372222222224
2025-05-07 10:00:00.000 Z,2509.0,2509.0,0.0,1.0,1.0,0.25,0.25,627.25,4599.087222222222
2025-05-07 10:15:00.000 Z,155.8,155.8,0.0,0.0,0.0,0.0,0.0,0.0,4599.087222222222
2025-05-07 10:30:00.000 Z,66.0,66.0,0.0,0.0,0.0,0.0,0.0,0.0,4599.087222222222
2025-05-07 10:45:00.000 Z,66.0,66.0,0.0,0.0,0.0,0.0,0.0,0.0,4599.087222222222
2025-05-07 11:00:00.000 Z,86.7,65.57,0.0,0.0,0.0,0.0,0.0,0.0,4599.087222222222
2025-05-07 11:15:00.000 Z,14.57,14.57,0.0,0.0,0.0,0.0,0.0,0.0,4599.087222222222
2025-05-07 11:30:00.000 Z,10.0,10.0,0.0,0.0,0.0,0.0,0.0,0.0,4599.087222222222
2025-05-07 11:45:00.000 Z,10.0,10.0,0.0,0.0,0.0,0.0,0.0,0.0,4599.087222222222
2025-05-07 12:00:00.000 Z,113.98,57.17,0.0,0.0,0.0,0.0,0.0,0.0,4599.087222222222
2025-05-07 12:15:00.000 Z,58.56,58.56,0.0,0.0,0.0,0.0,0.0,0.0,4599.087222222222
2025-05-07 12:30:00.000 Z,78.56,64.49,0.0,0.0,0.0,0.0,0.0,0.0,4599.087222222222
2025-05-07 12:45:00.000 Z,86.4,86.4,0.0,0.0,0.0,0.0,0.0,0.0,4599.087222222222
2025-05-07 13:00:00.000 Z,107.0,107.0,0.0,0.0,0.0,0.0,0.0,0.0,4599.087222222222
2025-05-07 13:15:00.000 Z,107.0,64.49,0.0,0.0,0.0,0.0,0.0,0.0,4599.087222222222
2025-05-07 13:30:00.000 Z,52.53,52.53,0.0,0.0,0.0,0.0,0.0,0.0,4599.087222222222
2025-05-07 13:45:00.000 Z,88.53,88.53,0.0,0.0,0.0,0.0,0.0,0.0,4599.087222222222
2025-05-07 14:00:00.000 Z,120.0,60.0,0.0,0.0,0.0,0.0,0.0,0.0,4599.087222222222
2025-05-07 14:15:00.000 Z,129.08,129.08,0.0,0.0,0.0,0.0,0.0,0.0,4599.087222222222
2025-05-07 14:30:00.000 Z,94.53,60.67,0.0,0.0,0.0,0.0,0.0,0.0,4599.087222222222
2025-05-07 14:45:00.000 Z,75.98,75.98,0.0,0.0,0.0,0.0,0.0,0.0,4599.087222222222
2025-05-07 15:00:00.000 Z,93.88,60.0,0.0,0.0,0.0,0.0,0.0,0.0,4599.087222222222
2025-05-07 15:15:00.000 Z,120.0,120.0,0.0,0.0,0.0,0.0,0.0,0.0,4599.087222222222
2025-05-07 15:30:00.000 Z,118.98,118.98,0.0,0.0,0.0,0.0,0.0,0.0,4599.087222222222
2025-05-07 15:45:00.000 Z,94.53,94.53,0.0,0.0,0.0,0.0,0.0,0.0,4599.087222222222
2025-05-07 16:00:00.000 Z,64.49,60.0,0.0,0.0,0.0,0.0,0.0,0.0,4599.087222222222
2025-05-07 16:15:00.000 Z,76.08,76.08,0.0,0.0,0.0,0.0,0.0,0.0,4599.087222222222
2025-05-07 16:30:00.000 Z,150.0,150.0,0.0,0.0,0.0,0.0,0.0,0.0,4599.087222222222
2025-05-07 16:45:00.000 Z,159.98,159.98,0.0,0.0,0.0,0.0,0.0,0.0,4599.087222222222
2025-05-07 17:00:00.000 Z,140.0,140.0,0.0,0.0,0.0,0.0,0.0,0.0,4599.087222222222
2025-05-07 17:15:00.000 Z,219.57,219.57,0.0,0.0,0.0,0.0,0.0,0.0,4599.087222222222
2025-05-07 17:30:00.000 Z,174.57,174.57,0.0,0.0,0.0,0.0,0.0,0.0,4599.087222222222
2025-05-07 17:45:00.000 Z,183.98,183.98,0.0,0.0,0.0,0.0,0.0,0.0,4599.087222222222
2025-05-07 18:00:00.000 Z,159.98,159.98,0.0,0.0,0.0,0.0,0.0,0.0,4599.087222222222
2025-05-07 18:15:00.000 Z,120.0,120.0,0.0,0.0,0.0,0.0,0.0,0.0,4599.087222222222
2025-05-07 18:30:00.000 Z,183.98,183.98,0.0,0.0,0.0,0.0,0.0,0.0,4599.087222222222
2025-05-07 18:45:00.000 Z,159.98,159.98,0.0,0.0,0.0,0.0,0.0,0.0,4599.087222222222
2025-05-07 19:00:00.000 Z,139.12,139.12,0.0,0.0,0.0,0.0,0.0,0.0,4599.087222222222
2025-05-07 19:15:00.000 Z,80.98,80.98,0.0,0.0,0.0,0.0,0.0,0.0,4599.087222222222
2025-05-07 19:30:00.000 Z,120.0,58.53,0.0,0.0,0.0,0.0,0.0,0.0,4599.087222222222
2025-05-07 19:45:00.000 Z,55.98,55.98,0.0,0.0,0.0,0.0,0.0,0.0,4599.087222222222
2025-05-07 20:00:00.000 Z,135.8,64.49,0.0,0.0,0.0,0.0,0.0,0.0,4599.087222222222
2025-05-07 20:15:00.000 Z,70.1,70.1,0.0,0.0,0.0,0.0,0.0,0.0,4599.087222222222
2025-05-07 20:30:00.000 Z,78.56,78.56,0.0,0.0,0.0,0.0,0.0,0.0,4599.087222222222
2025-05-07 20:45:00.000 Z,60.0,60.0,0.0,0.0,0.0,0.0,0.0,0.0,4599.087222222222
2025-05-07 21:00:00.000 Z,54.08,54.08,0.0,0.0,0.0,0.0,0.0,0.0,4599.087222222222
2025-05-07 21:15:00.000 Z,64.49,64.49,0.0,0.0,0.0,0.0,0.0,0.0,4599.087222222222
2025-05-07 21:30:00.000 Z,64.49,64.49,0.0,0.0,0.0,0.0,0.0,0.0,4599.087222222222
2025-05-07 21:45:00.000 Z,83.98,83.98,0.0,0.0,0.0,0.0,0.0,0.0,4599.087222222222
2025-05-07 22:00:00.000 Z,111.98,77.99,0.0,0.0,0.0,0.0,0.0,0.0,4599.087222222222
2025-05-07 22:15:00.000 Z,120.0,120.0,0.0,0.0,0.0,0.0,0.0,0.0,4599.087222222222
2025-05-07 22:30:00.000 Z,111.0,111.0,0.0,0.0,0.0,0.0,0.0,0.0,4599.087222222222
2025-05-07 22:45:00.000 Z,101.98,77.99,0.0,0.0,0.0,0.0,0.0,0.0,4599.087222222222
2025-05-07 23:00:00.000 Z,105.8,105.8,0.0,0.0,0.0,0.0,0.0,0.0,4599.087222222222
2025-05-07 23:15:00.000 Z,92.48,66.59,0.0,0.0,0.0,0.0,0.0,0.0,4599.087222222222
2025-05-07 23:30:00.000 Z,90.0,63.08,0.0,0.0,0.0,0.0,0.0,0.0,4599.087222222222
2025-05-07 23:45:00.000 Z,98.98,72.77,0.0,0.0,0.0,0.0,0.0,0.0,4599.087222222222
2025-05-08 00:00:00.000 Z,70.1,70.1,0.0,0.0,0.0,0.0,0.0,0.0,4599.087222222222
2025-05-08 00:15:00.000 Z,96.98,96.98,0.0,0.0,0.0,0.0,0.0,0.0,4599.087222222222
2025-05-08 00:30:00.000 Z,77.99,77.99,0.0,0.0,0.0,0.0,0.0,0.0,4599.087222222222
2025-05-08 00:45:00.000 Z,77.99,47.98,0.0,0.0,0.0,0.0,0.0,0.0,4599.087222222222
2025-05-08 01:00:00.000 Z,59.59,59.59,0.0,0.0,0.0,0.0,0.0,0.0,4599.087222222222
2025-05-08 01:15:00.000 Z,77.99,77.99,0.0,0.0,0.0,0.0,0.0,0.0,4599.087222222222
2025-05-08 01:30:00.000 Z,109.98,109.98,0.0,0.0,0.0,0.0,0.0,0.0,4599.087222222222
2025-05-08 01:45:00.000 Z,66.0,66.0,0.0,0.0,0.0,0.0,0.0,0.0,4599.087222222222
2025-05-08 02:00:00.000 Z,77.99,62.98,0.0,0.0,0.0,0.0,0.0,0.0,4599.087222222222
2025-05-08 02:15:00.000 Z,58.56,58.56,0.0,0.0,0.0,0.0,0.0,0.0,4599.087222222222
2025-05-08 02:30:00.000 Z,147.56,147.56,0.0,0.0,0.0,0.0,0.0,0.0,4599.087222222222
2025-05-08 02:45:00.000 Z,147.37,147.37,0.0,0.0,0.0,0.0,0.0,0.0,4599.087222222222
2025-05-08 03:00:00.000 Z,92.98,77.99,0.0,0.0,0.0,0.0,0.0,0.0,4599.087222222222
2025-05-08 03:15:00.000 Z,95.98,95.98,0.0,0.0,0.0,0.0,0.0,0.0,4599.087222222222
2025-05-08 03:30:00.000 Z,120.0,120.0,0.0,0.0,0.0,0.0,0.0,0.0,4599.087222222222
2025-05-08 03:45:00.000 Z,120.2,120.2,0.0,0.0,0.0,0.0,0.0,0.0,4599.087222222222
2025-05-08 04:00:00.000 Z,104.6,77.99,0.0,0.0,0.0,0.0,0.0,0.0,4599.087222222222
2025-05-08 04:15:00.000 Z,120.0,120.0,0.0,0.0,0.0,0.0,0.0,0.0,4599.087222222222
2025-05-08 04:30:00.000 Z,124.98,124.98,0.0,0.0,0.0,0.0,0.0,0.0,4599.087222222222
2025-05-08 04:45:00.000 Z,120.98,120.98,0.0,0.0,0.0,0.0,0.0,0.0,4599.087222222222
2025-05-08 05:00:00.000 Z,109.98,109.98,0.0,0.0,0.0,0.0,0.0,0.0,4599.087222222222
2025-05-08 05:15:00.000 Z,58.56,58.56,0.0,0.0,0.0,0.0,0.0,0.0,4599.087222222222
2025-05-08 05:30:00.000 Z,68.56,68.56,0.0,0.0,0.0,0.0,0.0,0.0,4599.087222222222
2025-05-08 05:45:00.000 Z,58.56,58.56,0.0,0.0,0.0,0.0,0.0,0.0,4599.087222222222
2025-05-08 06:00:00.000 Z,113.98,113.98,0.0,0.0,0.0,0.0,0.0,0.0,4599.087222222222
2025-05-08 06:15:00.000 Z,80.0,80.0,0.0,0.0,0.0,0.0,0.0,0.0,4599.087222222222
2025-05-08 06:30:00.000 Z,36.98,36.98,0.0,0.0,0.0,0.0,0.0,0.0,4599.087222222222
2025-05-08 06:45:00.000 Z,24.57,24.57,0.0,0.0,0.0,0.0,0.0,0.0,4599.087222222222
2025-05-08 07:00:00.000 Z,104.0,-70.0,0.0,0.0,0.0,0.0,0.0,-0.0,4599.087222222222
2025-05-08 07:15:00.000 Z,96.78,57.0,0.0,0.0,0.0,0.0,0.0,0.0,4599.087222222222
2025-05-08 07:30:00.000 Z,-30.0,-30.0,1.0,0.0,-1.0,-0.25,0.0,7.5,4606.587222222222
2025-05-08 07:45:00.000 Z,-11.0,-11.0,0.0,0.0,0.0,0.0,0.225,0.0,4606.587222222222
2025-05-08 08:00:00.000 Z,-30.0,-30.0,0.0,0.0,0.0,0.0,0.225,0.0,4606.587222222222
2025-05-08 08:15:00.000 Z,-30.0,-30.0,0.3976608187134508,0.0,-0.3976608187134508,-0.0994152046783627,0.22500000000000003,2.982456140350881,4609.5696783625735
2025-05-08 08:30:00.000 Z,-31.0,-31.0,1.0,0.0,-1.0,-0.25,0.31447368421052646,7.75,4617.3196783625735
2025-05-08 08:45:00.000 Z,-11.0,-11.0,0.0,0.0,0.0,0.0,0.5394736842105264,0.0,4617.3196783625735
2025-05-08 09:00:00.000 Z,-18.5,-18.5,0.0,0.0,0.0,0.0,0.5394736842105264,0.0,4617.3196783625735
2025-05-08 09:15:00.000 Z,-1.0,-1.0,0.0,0.0,0.0,0.0,0.5394736842105264,0.0,4617.3196783625735
2025-05-08 09:30:00.000 Z,69.07,-11.0,0.0,0.0,0.0,0.0,0.5394736842105264,-0.0,4617.3196783625735
2025-05-08 09:45:00.000 Z,24.57,24.57,0.0,0.0,0.0,0.0,0.5394736842105264,0.0,4617.3196783625735
2025-05-08 10:00:00.000 Z,69.07,69.07,0.0,0.0,0.0,0.0,0.5394736842105264,0.0,4617.3196783625735
2025-05-08 10:15:00.000 Z,87.0,87.0,0.0,0.0,0.0,0.0,0.5394736842105264,0.0,4617.3196783625735
2025-05-08 10:30:00.000 Z,127.6,127.6,0.0,0.0,0.0,0.0,0.5394736842105264,0.0,4617.3196783625735
2025-05-08 10:45:00.000 Z,300.0,300.0,0.0,1.0,1.0,0.25,0.5394736842105264,75.0,4692.3196783625735
2025-05-08 11:00:00.000 Z,300.0,300.0,0.0,1.0,1.0,0.25,0.28947368421052644,75.0,4767.3196783625735
2025-05-08 11:15:00.000 Z,127.5,127.5,0.0,0.0,0.0,0.0,0.03947368421052644,0.0,4767.3196783625735
2025-05-08 11:30:00.000 Z,144.0,144.0,0.0,0.0,0.0,0.0,0.03947368421052644,0.0,4767.3196783625735
2025-05-08 11:45:00.000 Z,118.0,118.0,0.0,0.0,0.0,0.0,0.03947368421052644,0.0,4767.3196783625735
2025-05-08 12:00:00.000 Z,57.0,57.0,0.0,0.0,0.0,0.0,0.03947368421052644,0.0,4767.3196783625735
2025-05-08 12:15:00.000 Z,160.0,160.0,0.0,0.0,0.0,0.0,0.03947368421052644,0.0,4767.3196783625735
2025-05-08 12:30:00.000 Z,123.0,123.0,0.0,0.0,0.0,0.0,0.03947368421052644,0.0,4767.3196783625735
2025-05-08 12:45:00.000 Z,120.0,120.0,0.0,0.0,0.0,0.0,0.03947368421052644,0.0,4767.3196783625735
2025-05-08 13:00:00.000 Z,100.98,100.98,0.0,0.0,0.0,0.0,0.03947368421052644,0.0,4767.3196783625735
2025-05-08 13:15:00.000 Z,104.28,80.0,0.0,0.0,0.0,0.0,0.03947368421052644,0.0,4767.3196783625735
2025-05-08 13:30:00.000 Z,120.0,80.0,0.0,0.0,0.0,0.0,0.03947368421052644,0.0,4767.3196783625735
2025-05-08 13:45:00.000 Z,120.0,120.0,0.0,0.0,0.0,0.0,0.03947368421052644,0.0,4767.3196783625735
2025-05-08 14:00:00.000 Z,80.0,80.0,0.0,0.0,0.0,0.0,0.03947368421052644,0.0,4767.3196783625735
2025-05-08 14:15:00.000 Z,97.28,97.28,0.0,0.0,0.0,0.0,0.03947368421052644,0.0,4767.3196783625735
2025-05-08 14:30:00.000 Z,135.0,80.0,0.0,0.0,0.0,0.0,0.03947368421052644,0.0,4767.3196783625735
2025-05-08 14:45:00.000 Z,148.07,148.07,0.0,0.0,0.0,0.0,0.03947368421052644,0.0,4767.3196783625735
2025-05-08 15:00:00.000 Z,120.0,120.0,0.0,0.0,0.0,0.0,0.03947368421052644,0.0,4767.3196783625735
2025-05-08 15:15:00.000 Z,128.7,128.7,0.0,0.0,0.0,0.0,0.03947368421052644,0.0,4767.3196783625735
2025-05-08 15:30:00.000 Z,86.78,66.0,0.0,0.0,0.0,0.0,0.03947368421052644,0.0,4767.3196783625735
2025-05-08 15:45:00.000 Z,90.7,90.7,0.0,0.0,0.0,0.0,0.03947368421052644,0.0,4767.3196783625735
2025-05-08 16:00:00.000 Z,85.08,67.0,0.0,0.0,0.0,0.0,0.03947368421052644,0.0,4767.3196783625735
2025-05-08 16:15:00.000 Z,128.7,128.7,0.0,0.0,0.0,0.0,0.03947368421052644,0.0,4767.3196783625735
2025-05-08 16:30:00.000 Z,139.0,139.0,0.0,0.0,0.0,0.0,0.03947368421052644,0.0,4767.3196783625735
2025-05-08 16:45:00.000 Z,139.0,139.0,0.0,0.0,0.0,0.0,0.03947368421052644,0.0,4767.3196783625735
2025-05-08 17:00:00.000 Z,99.78,64.48,0.0,0.0,0.0,0.0,0.03947368421052644,0.0,4767.3196783625735
2025-05-08 17:15:00.000 Z,66.0,66.0,0.0,0.0,0.0,0.0,0.03947368421052644,0.0,4767.3196783625735
2025-05-08 17:30:00.000 Z,120.0,120.0,0.0,0.0,0.0,0.0,0.03947368421052644,0.0,4767.3196783625735
2025-05-08 17:45:00.000 Z,140.0,140.0,0.0,0.0,0.0,0.0,0.03947368421052644,0.0,4767.3196783625735
2025-05-08 18:00:00.000 Z,171.8,171.8,0.0,0.0,0.0,0.0,0.03947368421052644,0.0,4767.3196783625735
2025-05-08 18:15:00.000 Z,163.98,163.98,0.0,0.0,0.0,0.0,0.03947368421052644,0.0,4767.3196783625735
2025-05-08 18:30:00.000 Z,190.34,190.34,0.0,0.0,0.0,0.0,0.03947368421052644,0.0,4767.3196783625735
2025-05-08 18:45:00.000 Z,188.34,188.34,0.0,0.0,0.0,0.0,0.03947368421052644,0.0,4767.3196783625735
2025-05-08 19:00:00.000 Z,120.0,74.63,0.0,0.0,0.0,0.0,0.03947368421052644,0.0,4767.3196783625735
2025-05-08 19:15:00.000 Z,151.4,80.22,0.0,0.0,0.0,0.0,0.03947368421052644,0.0,4767.3196783625735
2025-05-08 19:30:00.000 Z,109.28,75.05,0.0,0.0,0.0,0.0,0.03947368421052644,0.0,4767.3196783625735
2025-05-08 19:45:00.000 Z,80.0,80.0,0.0,0.0,0.0,0.0,0.03947368421052644,0.0,4767.3196783625735
2025-05-08 20:00:00.000 Z,181.98,80.0,0.0,0.0,0.0,0.0,0.03947368421052644,0.0,4767.3196783625735
2025-05-08 20:15:00.000 Z,181.98,181.98,0.0,0.0,0.0,0.0,0.03947368421052644,0.0,4767.3196783625735
2025-05-08 20:30:00.000 Z,102.5,79.62,0.0,0.0,0.0,0.0,0.03947368421052644,0.0,4767.3196783625735
2025-05-08 20:45:00.000 Z,120.0,74.32,0.0,0.0,0.0,0.0,0.03947368421052644,0.0,4767.3196783625735
2025-05-08 21:00:00.000 Z,150.0,80.0,0.0,0.0,0.0,0.0,0.03947368421052644,0.0,4767.3196783625735
2025-05-08 21:15:00.000 Z,119.9,75.05,0.0,0.0,0.0,0.0,0.03947368421052644,0.0,4767.3196783625735
2025-05-08 21:30:00.000 Z,66.0,66.0,0.0,0.0,0.0,0.0,0.03947368421052644,0.0,4767.3196783625735
2025-05-08 21:45:00.000 Z,120.2,65.98,0.0,0.0,0.0,0.0,0.03947368421052644,0.0,4767.3196783625735
2025-05-08 22:00:00.000 Z,120.0,79.57,0.0,0.0,0.0,0.0,0.03947368421052644,0.0,4767.3196783625735
2025-05-08 22:15:00.000 Z,120.0,120.0,0.0,0.0,0.0,0.0,0.03947368421052644,0.0,4767.3196783625735
2025-05-08 22:30:00.000 Z,120.0,120.0,0.0,0.0,0.0,0.0,0.03947368421052644,0.0,4767.3196783625735
2025-05-08 22:45:00.000 Z,96.98,96.98,0.0,0.0,0.0,0.0,0.03947368421052644,0.0,4767.3196783625735
2025-05-08 23:00:00.000 Z,150.7,150.7,0.0,0.0,0.0,0.0,0.03947368421052644,0.0,4767.3196783625735
2025-05-08 23:15:00.000 Z,150.7,150.7,0.0,0.0,0.0,0.0,0.03947368421052644,0.0,4767.3196783625735
2025-05-08 23:30:00.000 Z,141.0,141.0,0.0,0.0,0.0,0.0,0.03947368421052644,0.0,4767.3196783625735
2025-05-08 23:45:00.000 Z,121.98,121.98,0.0,0.0,0.0,0.0,0.03947368421052644,0.0,4767.3196783625735
2025-05-09 00:00:00.000 Z,91.98,91.98,0.0,0.0,0.0,0.0,0.03947368421052644,0.0,4767.3196783625735
2025-05-09 00:15:00.000 Z,75.02,75.02,0.0,0.0,0.0,0.0,0.03947368421052644,0.0,4767.3196783625735
2025-05-09 00:30:00.000 Z,120.0,84.3,0.0,0.0,0.0,0.0,0.03947368421052644,0.0,4767.3196783625735
2025-05-09 00:45:00.000 Z,102.9,102.9,0.0,0.0,0.0,0.0,0.03947368421052644,0.0,4767.3196783625735
2025-05-09 01:00:00.000 Z,61.3,61.3,0.0,0.0,0.0,0.0,0.03947368421052644,0.0,4767.3196783625735
2025-05-09 01:15:00.000 Z,60.0,60.0,0.0,0.0,0.0,0.0,0.03947368421052644,0.0,4767.3196783625735
2025-05-09 01:30:00.000 Z,68.98,68.98,0.0,0.0,0.0,0.0,0.03947368421052644,0.0,4767.3196783625735
2025-05-09 01:45:00.000 Z,75.76,75.76,0.0,0.0,0.0,0.0,0.03947368421052644,0.0,4767.3196783625735
2025-05-09 02:00:00.000 Z,48.74,48.74,0.0,0.0,0.0,0.0,0.03947368421052644,0.0,4767.3196783625735
2025-05-09 02:15:00.000 Z,54.42,54.42,0.0,0.0,0.0,0.0,0.03947368421052644,0.0,4767.3196783625735
2025-05-09 02:30:00.000 Z,78.56,73.0,0.0,0.0,0.0,0.0,0.03947368421052644,0.0,4767.3196783625735
2025-05-09 02:45:00.000 Z,103.5,103.5,0.0,0.0,0.0,0.0,0.03947368421052644,0.0,4767.3196783625735
2025-05-09 03:00:00.000 Z,150.0,150.0,0.0,0.0,0.0,0.0,0.03947368421052644,0.0,4767.3196783625735
2025-05-09 03:15:00.000 Z,150.0,150.0,0.0,0.0,0.0,0.0,0.03947368421052644,0.0,4767.3196783625735
2025-05-09 03:30:00.000 Z,121.98,121.98,0.0,0.0,0.0,0.0,0.03947368421052644,0.0,4767.3196783625735
2025-05-09 03:45:00.000 Z,123.56,123.56,0.0,0.0,0.0,0.0,0.03947368421052644,0.0,4767.3196783625735
2025-05-09 04:00:00.000 Z,160.95,160.95,0.0,0.0,0.0,0.0,0.03947368421052644,0.0,4767.3196783625735
2025-05-09 04:15:00.000 Z,185.98,185.98,0.0,0.0,0.0,0.0,0.03947368421052644,0.0,4767.3196783625735
2025-05-09 04:30:00.000 Z,152.2,152.2,0.0,0.0,0.0,0.0,0.03947368421052644,0.0,4767.3196783625735
2025-05-09 04:45:00.000 Z,106.7,106.7,0.0,0.0,0.0,0.0,0.03947368421052644,0.0,4767.3196783625735
2025-05-09 05:00:00.000 Z,279.0,279.0,0.0,0.15789473684210564,0.15789473684210564,0.03947368421052641,0.03947368421052641,11.01315789473687,4778.33283625731
2025-05-09 05:15:00.000 Z,162.98,162.98,0.0,0.0,0.0,0.0,0.0,0.0,4778.33283625731
2025-05-09 05:30:00.000 Z,108.98,108.98,0.0,0.0,0.0,0.0,0.0,0.0,4778.33283625731
2025-05-09 05:45:00.000 Z,93.0,93.0,0.0,0.0,0.0,0.0,0.0,0.0,4778.33283625731
2025-05-09 06:00:00.000 Z,90.0,90.0,0.0,0.0,0.0,0.0,0.0,0.0,4778.33283625731
2025-05-09 06:15:00.000 Z,94.98,94.98,0.0,0.0,0.0,0.0,0.0,0.0,4778.33283625731
2025-05-09 06:30:00.000 Z,93.0,78.35,0.0,0.0,0.0,0.0,0.0,0.0,4778.33283625731
2025-05-09 06:45:00.000 Z,61.4,61.4,0.0,0.0,0.0,0.0,0.0,0.0,4778.33283625731
2025-05-09 07:00:00.000 Z,99.28,49.0,0.0,0.0,0.0,0.0,0.0,0.0,4778.33283625731
2025-05-09 07:15:00.000 Z,119.2,23.0,0.0,0.0,0.0,0.0,0.0,0.0,4778.33283625731
2025-05-09 07:30:00.000 Z,116.0,22.0,0.0,0.0,0.0,0.0,0.0,0.0,4778.33283625731
2025-05-09 07:45:00.000 Z,10.0,10.0,0.0,0.0,0.0,0.0,0.0,0.0,4778.33283625731
2025-05-09 08:00:00.000 Z,11.0,11.0,0.0,0.0,0.0,0.0,0.0,0.0,4778.33283625731
2025-05-09 08:15:00.000 Z,10.0,10.0,0.0,0.0,0.0,0.0,0.0,0.0,4778.33283625731
2025-05-09 08:30:00.000 Z,10.0,10.0,0.0,0.0,0.0,0.0,0.0,0.0,4778.33283625731
2025-05-09 08:45:00.000 Z,-31.0,-31.0,0.0,0.0,0.0,0.0,0.0,0.0,4778.33283625731
2025-05-09 09:00:00.000 Z,-28.82,-28.82,0.0,0.0,0.0,0.0,0.0,0.0,4778.33283625731
2025-05-09 09:15:00.000 Z,6.0,6.0,0.0,0.0,0.0,0.0,0.0,0.0,4778.33283625731
2025-05-09 09:30:00.000 Z,-31.0,-31.0,0.0,0.0,0.0,0.0,0.0,0.0,4778.33283625731
2025-05-09 09:45:00.000 Z,-31.0,-31.0,0.0,0.0,0.0,0.0,0.0,0.0,4778.33283625731
2025-05-09 10:00:00.000 Z,-12.0,-12.0,0.0,0.0,0.0,0.0,0.0,0.0,4778.33283625731
2025-05-09 10:15:00.000 Z,-50.0,-50.0,0.0,0.0,0.0,0.0,0.0,0.0,4778.33283625731
2025-05-09 10:30:00.000 Z,-50.0,-50.0,0.0,0.0,0.0,0.0,0.0,0.0,4778.33283625731
2025-05-09 10:45:00.000 Z,-70.0,-70.0,0.0,0.0,0.0,0.0,0.0,0.0,4778.33283625731
2025-05-09 11:00:00.000 Z,-31.0,-31.0,0.0,0.0,0.0,0.0,0.0,0.0,4778.33283625731
2025-05-09 11:15:00.000 Z,-50.0,-50.0,0.0,0.0,0.0,0.0,0.0,0.0,4778.33283625731
2025-05-09 11:30:00.000 Z,-60.0,-60.0,0.0,0.0,0.0,0.0,0.0,0.0,4778.33283625731
2025-05-09 11:45:00.000 Z,-57.41,-57.41,0.0,0.0,0.0,0.0,0.0,0.0,4778.33283625731
2025-05-09 12:00:00.000 Z,-69.9,-69.9,0.0,0.0,0.0,0.0,0.0,0.0,4778.33283625731
2025-05-09 12:15:00.000 Z,-60.0,-60.0,0.0,0.0,0.0,0.0,0.0,0.0,4778.33283625731
2025-05-09 12:30:00.000 Z,78.56,-70.0,0.0,0.0,0.0,0.0,0.0,-0.0,4778.33283625731
2025-05-09 12:45:00.000 Z,-70.0,-70.0,0.0,0.0,0.0,0.0,0.0,0.0,4778.33283625731
2025-05-09 13:00:00.000 Z,-250.0,-250.0,1.0,0.0,-1.0,-0.25,0.0,62.5,4840.83283625731
2025-05-09 13:15:00.000 Z,-50.0,-50.0,0.0,0.0,0.0,0.0,0.225,0.0,4840.83283625731
2025-05-09 13:30:00.000 Z,-581.13,-581.13,1.0,0.0,-1.0,-0.25,0.225,145.2825,4986.11533625731
2025-05-09 13:45:00.000 Z,86.0,-30.0,0.0,0.0,0.0,0.0,0.45,-0.0,4986.11533625731
2025-05-09 14:00:00.000 Z,-49.8,-49.8,0.0,0.0,0.0,0.0,0.45,0.0,4986.11533625731
2025-05-09 14:15:00.000 Z,-50.0,-50.0,0.0,0.0,0.0,0.0,0.45,0.0,4986.11533625731
2025-05-09 14:30:00.000 Z,-69.89,-69.89,0.0,0.0,0.0,0.0,0.45,0.0,4986.11533625731
2025-05-09 14:45:00.000 Z,-29.7,-29.7,0.0,0.0,0.0,0.0,0.45,0.0,4986.11533625731
2025-05-09 15:00:00.000 Z,-14.14,-14.14,0.0,0.0,0.0,0.0,0.45,0.0,4986.11533625731
2025-05-09 15:15:00.000 Z,88.56,-29.7,0.0,0.0,0.0,0.0,0.45,-0.0,4986.11533625731
2025-05-09 15:30:00.000 Z,89.98,89.98,0.0,0.0,0.0,0.0,0.45,0.0,4986.11533625731
2025-05-09 15:45:00.000 Z,87.0,-50.0,0.0,0.0,0.0,0.0,0.45,-0.0,4986.11533625731
2025-05-09 16:00:00.000 Z,-30.0,-30.0,0.0,0.0,0.0,0.0,0.45,0.0,4986.11533625731
2025-05-09 16:15:00.000 Z,41.98,41.98,0.0,0.0,0.0,0.0,0.45,0.0,4986.11533625731
2025-05-09 16:30:00.000 Z,89.0,67.31,0.0,0.0,0.0,0.0,0.45,0.0,4986.11533625731
2025-05-09 16:45:00.000 Z,93.7,67.42,0.0,0.0,0.0,0.0,0.45,0.0,4986.11533625731
2025-05-09 17:00:00.000 Z,98.0,61.34,0.0,0.0,0.0,0.0,0.45,0.0,4986.11533625731
2025-05-09 17:15:00.000 Z,148.8,148.8,0.0,0.0,0.0,0.0,0.45,0.0,4986.11533625731
2025-05-09 17:30:00.000 Z,181.0,181.0,0.0,0.0,0.0,0.0,0.45,0.0,4986.11533625731
2025-05-09 17:45:00.000 Z,164.79,164.79,0.0,0.0,0.0,0.0,0.45,0.0,4986.11533625731
2025-05-09 18:00:00.000 Z,174.98,174.98,0.0,0.0,0.0,0.0,0.45,0.0,4986.11533625731
2025-05-09 18:15:00.000 Z,151.0,151.0,0.0,0.0,0.0,0.0,0.45,0.0,4986.11533625731
2025-05-09 18:30:00.000 Z,162.98,162.98,0.0,0.0,0.0,0.0,0.45,0.0,4986.11533625731
2025-05-09 18:45:00.000 Z,140.78,140.78,0.0,0.0,0.0,0.0,0.45,0.0,4986.11533625731
2025-05-09 19:00:00.000 Z,147.0,147.0,0.0,0.0,0.0,0.0,0.45,0.0,4986.11533625731
2025-05-09 19:15:00.000 Z,150.3,150.3,0.0,0.0,0.0,0.0,0.45,0.0,4986.11533625731
2025-05-09 19:30:00.000 Z,140.88,140.88,0.0,0.0,0.0,0.0,0.45,0.0,4986.11533625731
2025-05-09 19:45:00.000 Z,140.0,140.0,0.0,0.0,0.0,0.0,0.45,0.0,4986.11533625731
2025-05-09 20:00:00.000 Z,181.0,181.0,0.0,0.0,0.0,0.0,0.45,0.0,4986.11533625731
2025-05-09 20:15:00.000 Z,150.4,150.4,0.0,0.0,0.0,0.0,0.45,0.0,4986.11533625731
2025-05-09 20:30:00.000 Z,131.0,131.0,0.0,0.0,0.0,0.0,0.45,0.0,4986.11533625731
2025-05-09 20:45:00.000 Z,150.0,150.0,0.0,0.0,0.0,0.0,0.45,0.0,4986.11533625731
2025-05-09 21:00:00.000 Z,104.0,93.0,0.0,0.0,0.0,0.0,0.45,0.0,4986.11533625731
2025-05-09 21:15:00.000 Z,72.0,72.0,0.0,0.0,0.0,0.0,0.45,0.0,4986.11533625731
2025-05-09 21:30:00.000 Z,61.34,61.34,0.0,0.0,0.0,0.0,0.45,0.0,4986.11533625731
2025-05-09 21:45:00.000 Z,61.34,61.34,0.0,0.0,0.0,0.0,0.45,0.0,4986.11533625731
2025-05-09 22:00:00.000 Z,40.91,40.91,0.0,0.0,0.0,0.0,0.45,0.0,4986.11533625731
2025-05-09 22:15:00.000 Z,46.34,46.34,0.0,0.0,0.0,0.0,0.45,0.0,4986.11533625731
2025-05-09 22:30:00.000 Z,94.98,59.0,0.0,0.0,0.0,0.0,0.45,0.0,4986.11533625731
2025-05-09 22:45:00.000 Z,46.34,46.34,0.0,0.0,0.0,0.0,0.45,0.0,4986.11533625731
2025-05-09 23:00:00.000 Z,104.0,47.0,0.0,0.0,0.0,0.0,0.45,0.0,4986.11533625731
2025-05-09 23:15:00.000 Z,86.98,86.98,0.0,0.0,0.0,0.0,0.45,0.0,4986.11533625731
2025-05-09 23:30:00.000 Z,58.56,58.56,0.0,0.0,0.0,0.0,0.45,0.0,4986.11533625731
2025-05-09 23:45:00.000 Z,63.49,63.49,0.0,0.0,0.0,0.0,0.45,0.0,4986.11533625731
2025-05-10 00:00:00.000 Z,120.0,120.0,0.0,0.0,0.0,0.0,0.45,0.0,4986.11533625731
2025-05-10 00:15:00.000 Z,109.4,109.4,0.0,0.0,0.0,0.0,0.45,0.0,4986.11533625731
2025-05-10 00:30:00.000 Z,150.0,150.0,0.0,0.0,0.0,0.0,0.45,0.0,4986.11533625731
2025-05-10 00:45:00.000 Z,143.98,143.98,0.0,0.0,0.0,0.0,0.45,0.0,4986.11533625731
2025-05-10 01:00:00.000 Z,150.0,150.0,0.0,0.0,0.0,0.0,0.45,0.0,4986.11533625731
2025-05-10 01:15:00.000 Z,127.98,127.98,0.0,0.0,0.0,0.0,0.45,0.0,4986.11533625731
2025-05-10 01:30:00.000 Z,109.8,109.8,0.0,0.0,0.0,0.0,0.45,0.0,4986.11533625731
2025-05-10 01:45:00.000 Z,132.7,132.7,0.0,0.0,0.0,0.0,0.45,0.0,4986.11533625731
2025-05-10 02:00:00.000 Z,122.1,122.1,0.0,0.0,0.0,0.0,0.45,0.0,4986.11533625731
2025-05-10 02:15:00.000 Z,110.1,110.1,0.0,0.0,0.0,0.0,0.45,0.0,4986.11533625731
2025-05-10 02:30:00.000 Z,132.0,132.0,0.0,0.0,0.0,0.0,0.45,0.0,4986.11533625731
2025-05-10 02:45:00.000 Z,150.0,150.0,0.0,0.0,0.0,0.0,0.45,0.0,4986.11533625731
2025-05-10 03:00:00.000 Z,97.98,97.98,0.0,0.0,0.0,0.0,0.45,0.0,4986.11533625731
2025-05-10 03:15:00.000 Z,120.0,120.0,0.0,0.0,0.0,0.0,0.45,0.0,4986.11533625731
2025-05-10 03:30:00.000 Z,120.0,120.0,0.0,0.0,0.0,0.0,0.45,0.0,4986.11533625731
2025-05-10 03:45:00.000 Z,82.98,82.98,0.0,0.0,0.0,0.0,0.45,0.0,4986.11533625731
2025-05-10 04:00:00.000 Z,154.6,154.6,0.0,0.0,0.0,0.0,0.45,0.0,4986.11533625731
2025-05-10 04:15:00.000 Z,150.0,150.0,0.0,0.0,0.0,0.0,0.45,0.0,4986.11533625731
2025-05-10 04:30:00.000 Z,67.77,67.77,0.0,0.0,0.0,0.0,0.45,0.0,4986.11533625731
2025-05-10 04:45:00.000 Z,40.0,40.0,0.0,0.0,0.0,0.0,0.45,0.0,4986.11533625731
2025-05-10 05:00:00.000 Z,122.1,68.98,0.0,0.0,0.0,0.0,0.45,0.0,4986.11533625731
2025-05-10 05:15:00.000 Z,101.92,101.92,0.0,0.0,0.0,0.0,0.45,0.0,4986.11533625731
2025-05-10 05:30:00.000 Z,89.0,89.0,0.0,0.0,0.0,0.0,0.45,0.0,4986.11533625731
2025-05-10 05:45:00.000 Z,79.0,79.0,0.0,0.0,0.0,0.0,0.45,0.0,4986.11533625731
2025-05-10 06:00:00.000 Z,104.21,52.0,0.0,0.0,0.0,0.0,0.45,0.0,4986.11533625731
2025-05-10 06:15:00.000 Z,109.5,109.5,0.0,0.0,0.0,0.0,0.45,0.0,4986.11533625731
2025-05-10 06:30:00.000 Z,88.56,75.0,0.0,0.0,0.0,0.0,0.45,0.0,4986.11533625731
2025-05-10 06:45:00.000 Z,88.56,41.0,0.0,0.0,0.0,0.0,0.45,0.0,4986.11533625731
2025-05-10 07:00:00.000 Z,154.3,154.3,0.0,0.0,0.0,0.0,0.45,0.0,4986.11533625731
2025-05-10 07:15:00.000 Z,123.56,55.0,0.0,0.0,0.0,0.0,0.45,0.0,4986.11533625731
2025-05-10 07:30:00.000 Z,52.0,52.0,0.0,0.0,0.0,0.0,0.45,0.0,4986.11533625731
2025-05-10 07:45:00.000 Z,50.0,50.0,0.0,0.0,0.0,0.0,0.45,0.0,4986.11533625731
2025-05-10 08:00:00.000 Z,140.0,77.78,0.0,0.0,0.0,0.0,0.45,0.0,4986.11533625731
2025-05-10 08:15:00.000 Z,78.56,24.57,0.0,0.0,0.0,0.0,0.45,0.0,4986.11533625731
2025-05-10 08:30:00.000 Z,6.12,6.12,0.0,0.0,0.0,0.0,0.45,0.0,4986.11533625731
2025-05-10 08:45:00.000 Z,58.66,-30.0,0.0,0.0,0.0,0.0,0.45,-0.0,4986.11533625731
2025-05-10 09:00:00.000 Z,10.0,10.0,0.0,0.0,0.0,0.0,0.45,0.0,4986.11533625731
2025-05-10 09:15:00.000 Z,-29.7,-29.7,0.0,0.0,0.0,0.0,0.45,0.0,4986.11533625731
2025-05-10 09:30:00.000 Z,-29.7,-29.7,0.0,0.0,0.0,0.0,0.45,0.0,4986.11533625731
2025-05-10 09:45:00.000 Z,-18.38,-18.38,0.0,0.0,0.0,0.0,0.45,0.0,4986.11533625731
2025-05-10 10:00:00.000 Z,-3.05,-3.05,0.0,0.0,0.0,0.0,0.45,0.0,4986.11533625731
2025-05-10 10:15:00.000 Z,-2.95,-2.95,0.0,0.0,0.0,0.0,0.45,0.0,4986.11533625731
2025-05-10 10:30:00.000 Z,-30.0,-30.0,0.0,0.0,0.0,0.0,0.45,0.0,4986.11533625731
2025-05-10 10:45:00.000 Z,-60.0,-60.0,0.0,0.0,0.0,0.0,0.45,0.0,4986.11533625731
2025-05-10 11:00:00.000 Z,-60.0,-60.0,0.0,0.0,0.0,0.0,0.45,0.0,4986.11533625731
2025-05-10 11:15:00.000 Z,-70.0,-70.0,0.0,0.0,0.0,0.0,0.45,0.0,4986.11533625731
2025-05-10 11:30:00.000 Z,-70.0,-70.0,0.0,0.0,0.0,0.0,0.45,0.0,4986.11533625731
2025-05-10 11:45:00.000 Z,-70.0,-70.0,0.0,0.0,0.0,0.0,0.45,0.0,4986.11533625731
2025-05-10 12:00:00.000 Z,-80.33,-80.33,0.0,0.0,0.0,0.0,0.45,0.0,4986.11533625731
2025-05-10 12:15:00.000 Z,-70.0,-70.0,0.0,0.0,0.0,0.0,0.45,0.0,4986.11533625731
2025-05-10 12:30:00.000 Z,-70.0,-70.0,0.0,0.0,0.0,0.0,0.45,0.0,4986.11533625731
2025-05-10 12:45:00.000 Z,10.0,10.0,0.0,0.0,0.0,0.0,0.45,0.0,4986.11533625731
2025-05-10 13:00:00.000 Z,-30.0,-30.0,0.0,0.0,0.0,0.0,0.45,0.0,4986.11533625731
2025-05-10 13:15:00.000 Z,13.57,13.57,0.0,0.0,0.0,0.0,0.45,0.0,4986.11533625731
2025-05-10 13:30:00.000 Z,1.0,1.0,0.0,0.0,0.0,0.0,0.45,0.0,4986.11533625731
2025-05-10 13:45:00.000 Z,65.51,-6.85,0.0,0.0,0.0,0.0,0.45,-0.0,4986.11533625731
2025-05-10 14:00:00.000 Z,47.58,47.58,0.0,0.0,0.0,0.0,0.45,0.0,4986.11533625731
2025-05-10 14:15:00.000 Z,40.5,-30.0,0.0,0.0,0.0,0.0,0.45,-0.0,4986.11533625731
2025-05-10 14:30:00.000 Z,40.5,-18.5,0.0,0.0,0.0,0.0,0.45,-0.0,4986.11533625731
2025-05-10 14:45:00.000 Z,60.05,60.05,0.0,0.0,0.0,0.0,0.45,0.0,4986.11533625731
2025-05-10 15:00:00.000 Z,-41.0,-41.0,0.0,0.0,0.0,0.0,0.45,0.0,4986.11533625731
2025-05-10 15:15:00.000 Z,-18.5,-18.5,0.0,0.0,0.0,0.0,0.45,0.0,4986.11533625731
2025-05-10 15:30:00.000 Z,90.0,10.0,0.0,0.0,0.0,0.0,0.45,0.0,4986.11533625731
2025-05-10 15:45:00.000 Z,90.0,90.0,0.0,0.0,0.0,0.0,0.45,0.0,4986.11533625731
2025-05-10 16:00:00.000 Z,29.98,29.98,0.0,0.0,0.0,0.0,0.45,0.0,4986.11533625731
2025-05-10 16:15:00.000 Z,102.5,63.49,0.0,0.0,0.0,0.0,0.45,0.0,4986.11533625731
2025-05-10 16:30:00.000 Z,118.0,63.49,0.0,0.0,0.0,0.0,0.45,0.0,4986.11533625731
2025-05-10 16:45:00.000 Z,102.6,63.49,0.0,0.0,0.0,0.0,0.45,0.0,4986.11533625731
2025-05-10 17:00:00.000 Z,62.98,62.98,0.0,0.0,0.0,0.0,0.45,0.0,4986.11533625731
2025-05-10 17:15:00.000 Z,102.8,25.71,0.0,0.0,0.0,0.0,0.45,0.0,4986.11533625731
2025-05-10 17:30:00.000 Z,151.3,151.3,0.0,0.0,0.0,0.0,0.45,0.0,4986.11533625731
2025-05-10 17:45:00.000 Z,127.98,127.98,0.0,0.0,0.0,0.0,0.45,0.0,4986.11533625731
2025-05-10 18:00:00.000 Z,120.98,69.28,0.0,0.0,0.0,0.0,0.45,0.0,4986.11533625731
2025-05-10 18:15:00.000 Z,76.28,76.28,0.0,0.0,0.0,0.0,0.45,0.0,4986.11533625731
2025-05-10 18:30:00.000 Z,58.56,58.56,0.0,0.0,0.0,0.0,0.45,0.0,4986.11533625731
2025-05-10 18:45:00.000 Z,123.0,123.0,0.0,0.0,0.0,0.0,0.45,0.0,4986.11533625731
2025-05-10 19:00:00.000 Z,103.8,103.8,0.0,0.0,0.0,0.0,0.45,0.0,4986.11533625731
2025-05-10 19:15:00.000 Z,106.0,106.0,0.0,0.0,0.0,0.0,0.45,0.0,4986.11533625731
2025-05-10 19:30:00.000 Z,109.98,80.0,0.0,0.0,0.0,0.0,0.45,0.0,4986.11533625731
2025-05-10 19:45:00.000 Z,106.0,63.5,0.0,0.0,0.0,0.0,0.45,0.0,4986.11533625731
2025-05-10 20:00:00.000 Z,137.98,137.98,0.0,0.0,0.0,0.0,0.45,0.0,4986.11533625731
2025-05-10 20:15:00.000 Z,111.0,63.5,0.0,0.0,0.0,0.0,0.45,0.0,4986.11533625731
2025-05-10 20:30:00.000 Z,78.56,63.5,0.0,0.0,0.0,0.0,0.45,0.0,4986.11533625731
2025-05-10 20:45:00.000 Z,84.98,61.0,0.0,0.0,0.0,0.0,0.45,0.0,4986.11533625731
2025-05-10 21:00:00.000 Z,68.56,59.0,0.0,0.0,0.0,0.0,0.45,0.0,4986.11533625731
2025-05-10 21:15:00.000 Z,79.0,79.0,0.0,0.0,0.0,0.0,0.45,0.0,4986.11533625731
2025-05-10 21:30:00.000 Z,79.57,79.57,0.0,0.0,0.0,0.0,0.45,0.0,4986.11533625731
2025-05-10 21:45:00.000 Z,70.1,70.1,0.0,0.0,0.0,0.0,0.45,0.0,4986.11533625731
2025-05-10 22:00:00.000 Z,58.98,58.98,0.0,0.0,0.0,0.0,0.45,0.0,4986.11533625731
2025-05-10 22:15:00.000 Z,74.42,74.42,0.0,0.0,0.0,0.0,0.45,0.0,4986.11533625731
2025-05-10 22:30:00.000 Z,43.0,43.0,0.0,0.0,0.0,0.0,0.45,0.0,4986.11533625731
2025-05-10 22:45:00.000 Z,11.0,11.0,0.0,0.0,0.0,0.0,0.45,0.0,4986.11533625731
2025-05-10 23:00:00.000 Z,11.0,11.0,0.0,0.0,0.0,0.0,0.45,0.0,4986.11533625731
2025-05-10 23:15:00.000 Z,62.91,62.91,0.0,0.0,0.0,0.0,0.45,0.0,4986.11533625731
2025-05-10 23:30:00.000 Z,64.98,64.98,0.0,0.0,0.0,0.0,0.45,0.0,4986.11533625731
2025-05-10 23:45:00.000 Z,51.98,51.98,0.0,0.0,0.0,0.0,0.45,0.0,4986.11533625731
2025-05-11 00:00:00.000 Z,42.98,42.98,0.0,0.0,0.0,0.0,0.45,0.0,4986.11533625731
2025-05-11 00:15:00.000 Z,54.67,54.67,0.0,0.0,0.0,0.0,0.45,0.0,4986.11533625731
2025-05-11 00:30:00.000 Z,41.0,41.0,0.0,0.0,0.0,0.0,0.45,0.0,4986.11533625731
2025-05-11 00:45:00.000 Z,65.98,65.98,0.0,0.0,0.0,0.0,0.45,0.0,4986.11533625731
2025-05-11 01:00:00.000 Z,88.56,88.56,0.0,0.0,0.0,0.0,0.45,0.0,4986.11533625731
2025-05-11 01:15:00.000 Z,58.56,58.56,0.0,0.0,0.0,0.0,0.45,0.0,4986.11533625731
2025-05-11 01:30:00.000 Z,94.98,94.98,0.0,0.0,0.0,0.0,0.45,0.0,4986.11533625731
2025-05-11 01:45:00.000 Z,102.2,102.2,0.0,0.0,0.0,0.0,0.45,0.0,4986.11533625731
2025-05-11 02:00:00.000 Z,120.0,120.0,0.0,0.0,0.0,0.0,0.45,0.0,4986.11533625731
2025-05-11 02:15:00.000 Z,115.58,115.58,0.0,0.0,0.0,0.0,0.45,0.0,4986.11533625731
2025-05-11 02:30:00.000 Z,108.98,108.98,0.0,0.0,0.0,0.0,0.45,0.0,4986.11533625731
2025-05-11 02:45:00.000 Z,120.0,120.0,0.0,0.0,0.0,0.0,0.45,0.0,4986.11533625731
2025-05-11 03:00:00.000 Z,90.0,90.0,0.0,0.0,0.0,0.0,0.45,0.0,4986.11533625731
2025-05-11 03:15:00.000 Z,107.0,69.28,0.0,0.0,0.0,0.0,0.45,0.0,4986.11533625731
2025-05-11 03:30:00.000 Z,120.0,120.0,0.0,0.0,0.0,0.0,0.45,0.0,4986.11533625731
2025-05-11 03:45:00.000 Z,102.8,65.0,0.0,0.0,0.0,0.0,0.45,0.0,4986.11533625731
2025-05-11 04:00:00.000 Z,123.56,123.56,0.0,0.0,0.0,0.0,0.45,0.0,4986.11533625731
2025-05-11 04:15:00.000 Z,120.0,120.0,0.0,0.0,0.0,0.0,0.45,0.0,4986.11533625731
2025-05-11 04:30:00.000 Z,92.98,92.98,0.0,0.0,0.0,0.0,0.45,0.0,4986.11533625731
2025-05-11 04:45:00.000 Z,63.0,63.0,0.0,0.0,0.0,0.0,0.45,0.0,4986.11533625731
2025-05-11 05:00:00.000 Z,80.0,80.0,0.0,0.0,0.0,0.0,0.45,0.0,4986.11533625731
2025-05-11 05:15:00.000 Z,30.0,30.0,0.0,0.0,0.0,0.0,0.45,0.0,4986.11533625731
2025-05-11 05:30:00.000 Z,55.0,55.0,0.0,0.0,0.0,0.0,0.45,0.0,4986.11533625731
2025-05-11 05:45:00.000 Z,56.38,56.38,0.0,0.0,0.0,0.0,0.45,0.0,4986.11533625731
2025-05-11 06:00:00.000 Z,106.4,106.4,0.0,0.0,0.0,0.0,0.45,0.0,4986.11533625731
2025-05-11 06:15:00.000 Z,80.0,80.0,0.0,0.0,0.0,0.0,0.45,0.0,4986.11533625731
2025-05-11 06:30:00.000 Z,-50.0,-50.0,0.0,0.0,0.0,0.0,0.45,0.0,4986.11533625731
2025-05-11 06:45:00.000 Z,-30.0,-30.0,0.0,0.0,0.0,0.0,0.45,0.0,4986.11533625731
2025-05-11 07:00:00.000 Z,40.0,40.0,0.0,0.0,0.0,0.0,0.45,0.0,4986.11533625731
2025-05-11 07:15:00.000 Z,10.0,10.0,0.0,0.0,0.0,0.0,0.45,0.0,4986.11533625731
2025-05-11 07:30:00.000 Z,2.1,2.1,0.0,0.0,0.0,0.0,0.45,0.0,4986.11533625731
2025-05-11 07:45:00.000 Z,2.0,2.0,0.0,0.0,0.0,0.0,0.45,0.0,4986.11533625731
2025-05-11 08:00:00.000 Z,-29.8,-29.8,0.0,0.0,0.0,0.0,0.45,0.0,4986.11533625731
2025-05-11 08:15:00.000 Z,14.57,14.57,0.0,0.0,0.0,0.0,0.45,0.0,4986.11533625731
2025-05-11 08:30:00.000 Z,10.0,10.0,0.0,0.0,0.0,0.0,0.45,0.0,4986.11533625731
2025-05-11 08:45:00.000 Z,-29.9,-29.9,0.0,0.0,0.0,0.0,0.45,0.0,4986.11533625731
2025-05-11 09:00:00.000 Z,-29.7,-29.7,0.0,0.0,0.0,0.0,0.45,0.0,4986.11533625731
2025-05-11 09:15:00.000 Z,-30.0,-30.0,0.0,0.0,0.0,0.0,0.45,0.0,4986.11533625731
2025-05-11 09:30:00.000 Z,-60.0,-60.0,0.0,0.0,0.0,0.0,0.45,0.0,4986.11533625731
2025-05-11 09:45:00.000 Z,-100.0,-100.0,0.0,0.0,0.0,0.0,0.45,0.0,4986.11533625731
2025-05-11 10:00:00.000 Z,-70.0,-70.0,0.0,0.0,0.0,0.0,0.45,0.0,4986.11533625731
2025-05-11 10:15:00.000 Z,-70.0,-70.0,0.0,0.0,0.0,0.0,0.45,0.0,4986.11533625731
2025-05-11 10:30:00.000 Z,-70.0,-70.0,0.0,0.0,0.0,0.0,0.45,0.0,4986.11533625731
2025-05-11 10:45:00.000 Z,-78.32,-78.32,0.0,0.0,0.0,0.0,0.45,0.0,4986.11533625731
2025-05-11 11:00:00.000 Z,-100.0,-100.0,0.0,0.0,0.0,0.0,0.45000000000000007,0.0,4986.11533625731
2025-05-11 11:15:00.000 Z,-113.3,-113.3,1.0,0.0,-1.0,-0.25,0.45000000000000007,28.325,5014.44033625731
2025-05-11 11:30:00.000 Z,-113.3,-113.3,1.0,0.0,-1.0,-0.25,0.675,28.325,5042.76533625731
2025-05-11 11:45:00.000 Z,-100.9,-100.9,0.4444444444444443,0.0,-0.4444444444444443,-0.11111111111111108,0.9,11.211111111111109,5053.976447368421
2025-05-11 12:00:00.000 Z,-100.0,-100.0,0.0,0.0,0.0,0.0,1.0,0.0,5053.976447368421
2025-05-11 12:15:00.000 Z,-70.0,-70.0,0.0,0.0,0.0,0.0,1.0,0.0,5053.976447368421
2025-05-11 12:30:00.000 Z,-70.0,-70.0,0.0,0.0,0.0,0.0,1.0,0.0,5053.976447368421
2025-05-11 12:45:00.000 Z,-70.0,-70.0,0.0,0.0,0.0,0.0,1.0,0.0,5053.976447368421
2025-05-11 13:00:00.000 Z,-69.89,-69.89,0.0,0.0,0.0,0.0,1.0,0.0,5053.976447368421
2025-05-11 13:15:00.000 Z,-30.0,-30.0,0.0,0.0,0.0,0.0,1.0,0.0,5053.976447368421
2025-05-11 13:30:00.000 Z,-23.48,-23.48,0.0,0.0,0.0,0.0,1.0,0.0,5053.976447368421
2025-05-11 13:45:00.000 Z,-30.0,-30.0,0.0,0.0,0.0,0.0,1.0,0.0,5053.976447368421
2025-05-11 14:00:00.000 Z,-23.74,-23.74,0.0,0.0,0.0,0.0,1.0,0.0,5053.976447368421
2025-05-11 14:15:00.000 Z,-29.3,-29.3,0.0,0.0,0.0,0.0,1.0,0.0,5053.976447368421
2025-05-11 14:30:00.000 Z,-30.0,-30.0,0.0,0.0,0.0,0.0,1.0,0.0,5053.976447368421
2025-05-11 14:45:00.000 Z,40.5,22.0,0.0,0.0,0.0,0.0,1.0,0.0,5053.976447368421
2025-05-11 15:00:00.000 Z,68.36,68.36,0.0,0.0,0.0,0.0,1.0,0.0,5053.976447368421
2025-05-11 15:15:00.000 Z,91.0,-30.0,0.0,0.0,0.0,0.0,1.0,-0.0,5053.976447368421
2025-05-11 15:30:00.000 Z,91.0,91.0,0.0,0.0,0.0,0.0,1.0,0.0,5053.976447368421
2025-05-11 15:45:00.000 Z,132.3,132.3,0.0,0.0,0.0,0.0,1.0,0.0,5053.976447368421
2025-05-11 16:00:00.000 Z,197.98,10.0,0.0,0.0,0.0,0.0,1.0,0.0,5053.976447368421
2025-05-11 16:15:00.000 Z,101.98,1.0,0.0,0.0,0.0,0.0,1.0,0.0,5053.976447368421
2025-05-11 16:30:00.000 Z,150.0,150.0,0.0,0.0,0.0,0.0,1.0,0.0,5053.976447368421
2025-05-11 16:45:00.000 Z,150.0,150.0,0.0,0.0,0.0,0.0,1.0,0.0,5053.976447368421
2025-05-11 17:00:00.000 Z,142.28,142.28,0.0,0.0,0.0,0.0,1.0,0.0,5053.976447368421
2025-05-11 17:15:00.000 Z,180.98,180.98,0.0,0.0,0.0,0.0,1.0,0.0,5053.976447368421
2025-05-11 17:30:00.000 Z,214.98,214.98,0.0,1.0,1.0,0.25,1.0,53.745,5107.721447368421
2025-05-11 17:45:00.000 Z,206.98,206.98,0.0,1.0,1.0,0.25,0.75,51.745,5159.466447368421
2025-05-11 18:00:00.000 Z,125.98,125.98,0.0,0.0,0.0,0.0,0.5,0.0,5159.466447368421
2025-05-11 18:15:00.000 Z,300.0,300.0,0.0,1.0,1.0,0.25,0.5,75.0,5234.466447368421
2025-05-11 18:30:00.000 Z,214.98,214.98,0.0,1.0,1.0,0.25,0.25,53.745,5288.2114473684205
2025-05-11 18:45:00.000 Z,118.98,118.98,0.0,0.0,0.0,0.0,0.0,0.0,5288.2114473684205
2025-05-11 19:00:00.000 Z,83.56,83.56,0.0,0.0,0.0,0.0,0.0,0.0,5288.2114473684205
2025-05-11 19:15:00.000 Z,65.0,65.0,0.0,0.0,0.0,0.0,0.0,0.0,5288.2114473684205
2025-05-11 19:30:00.000 Z,69.87,69.87,0.0,0.0,0.0,0.0,0.0,0.0,5288.2114473684205
2025-05-11 19:45:00.000 Z,50.89,50.89,0.0,0.0,0.0,0.0,0.0,0.0,5288.2114473684205
2025-05-11 20:00:00.000 Z,111.98,51.98,0.0,0.0,0.0,0.0,0.0,0.0,5288.2114473684205
2025-05-11 20:15:00.000 Z,60.57,60.57,0.0,0.0,0.0,0.0,0.0,0.0,5288.2114473684205
2025-05-11 20:30:00.000 Z,56.98,56.98,0.0,0.0,0.0,0.0,0.0,0.0,5288.2114473684205
2025-05-11 20:45:00.000 Z,54.57,54.57,0.0,0.0,0.0,0.0,0.0,0.0,5288.2114473684205
2025-05-11 21:00:00.000 Z,149.4,63.0,0.0,0.0,0.0,0.0,0.0,0.0,5288.2114473684205
2025-05-11 21:15:00.000 Z,101.7,60.57,0.0,0.0,0.0,0.0,0.0,0.0,5288.2114473684205
2025-05-11 21:30:00.000 Z,111.0,60.12,0.0,0.0,0.0,0.0,0.0,0.0,5288.2114473684205
2025-05-11 21:45:00.000 Z,78.56,35.0,0.0,0.0,0.0,0.0,0.0,0.0,5288.2114473684205
